IATA_CODE,AIRPORT,CITY,STATE,COUNTRY,LATITUDE,LONGITUDE,,flag
ABE,Lehigh Valley International Airport,Allentown,PA,USA,40.65236,-75.4404,Allentown-PA,1
ABI,Abilene Regional Airport,Abilene,TX,USA,32.41132,-99.6819,Abilene-TX,1
ABQ,Albuquerque International Sunport,Albuquerque,NM,USA,35.04022,-106.60919,Albuquerque-NM,1
ABR,Aberdeen Regional Airport,Aberdeen,SD,USA,45.44906,-98.42183,Aberdeen-SD,1
ABY,Southwest Georgia Regional Airport,Albany,GA,USA,31.53552,-84.19447,Albany-GA,1
ACK,Nantucket Memorial Airport,Nantucket,MA,USA,41.25305,-70.06018,Nantucket-MA,1
ACT,Waco Regional Airport,Waco,TX,USA,31.61129,-97.23052,Waco-TX,1
ACV,Arcata Airport,Arcata/Eureka,CA,USA,40.97812,-124.10862,Arcata/Eureka-CA,1
ACY,Atlantic City International Airport,Atlantic City,NJ,USA,39.45758,-74.57717,Atlantic City-NJ,1
ADK,Adak Airport,Adak,AK,USA,51.87796,-176.64603,Adak-AK,1
ADQ,Kodiak Airport,Kodiak,AK,USA,57.74997,-152.49386,Kodiak-AK,1
AEX,Alexandria International Airport,Alexandria,LA,USA,31.32737,-92.54856,Alexandria-LA,1
AGS,Augusta Regional Airport (Bush Field),Augusta,GA,USA,33.36996,-81.9645,Augusta-GA,1
AKN,King Salmon Airport,King Salmon,AK,USA,58.6768,-156.64922,King Salmon-AK,1
ALB,Albany International Airport,Albany,NY,USA,42.74812,-73.80298,Albany-NY,1
ALO,Waterloo Regional Airport,Waterloo,IA,USA,42.55708,-92.40034,Waterloo-IA,1
AMA,Rick Husband Amarillo International Airport,Amarillo,TX,USA,35.21937,-101.70593,Amarillo-TX,1
ANC,Ted Stevens Anchorage International Airport,Anchorage,AK,USA,61.17432,-149.99619,Anchorage-AK,1
APN,Alpena County Regional Airport,Alpena,MI,USA,45.07807,-83.56029,Alpena-MI,1
ASE,Aspen-Pitkin County Airport,Aspen,CO,USA,39.22316,-106.86885,Aspen-CO,1
ATL,Hartsfield-Jackson Atlanta International Airport,Atlanta,GA,USA,33.64044,-84.42694,Atlanta-GA,1
ATW,Appleton International Airport,Appleton,WI,USA,44.25741,-88.51948,Appleton-WI,1
AUS,Austin-Bergstrom International Airport,Austin,TX,USA,30.19453,-97.66987,Austin-TX,1
AVL,Asheville Regional Airport,Asheville,NC,USA,35.43619,-82.54181,Asheville-NC,1
AVP,Wilkes-Barre/Scranton International Airport,Wilkes-Barre/Scranton,PA,USA,41.33815,-75.72427,Wilkes-Barre/Scranton-PA,1
AZO,Kalamazoo/Battle Creek International Airport,Kalamazoo,MI,USA,42.23488,-85.55206,Kalamazoo-MI,1
BDL,Bradley International Airport,Windsor Locks,CT,USA,41.93887,-72.68323,Windsor Locks-CT,1
BET,Bethel Airport,Bethel,AK,USA,60.77978,-161.838,Bethel-AK,1
BFL,Meadows Field,Bakersfield,CA,USA,35.4336,-119.05677,Bakersfield-CA,1
BGM,Greater Binghamton Airport,Binghamton,NY,USA,42.20848,-75.97961,Binghamton-NY,1
BGR,Bangor International Airport,Bangor,ME,USA,44.80744,-68.82814,Bangor-ME,1
BHM,Birmingham-Shuttlesworth International Airport,Birmingham,AL,USA,33.56294,-86.75355,Birmingham-AL,1
BIL,Billings Logan International Airport,Billings,MT,USA,45.80766,-108.54286,Billings-MT,1
BIS,Bismarck Municipal Airport,Bismarck,ND,USA,46.77411,-100.74672,Bismarck-ND,1
BJI,Bemidji Regional Airport,Bemidji,MN,USA,47.50942,-94.93372,Bemidji-MN,1
BLI,Bellingham International Airport,Bellingham,WA,USA,48.79275,-122.53753,Bellingham-WA,1
BMI,Central Illinois Regional Airport at Bloomington-Normal,Bloomington,IL,USA,40.47799,-88.91595,Bloomington-IL,1
BNA,Nashville International Airport,Nashville,TN,USA,36.12448,-86.67818,Nashville-TN,1
BOI,Boise Airport (Boise Air Terminal),Boise,ID,USA,43.56444,-116.22278,Boise-ID,1
BOS,Gen. Edward Lawrence Logan International Airport,Boston,MA,USA,42.36435,-71.00518,Boston-MA,1
BPT,Jack Brooks Regional Airport (Southeast Texas Regional),Beaumont/Port Arthur,TX,USA,29.95083,-94.02069,Beaumont/Port Arthur-TX,1
BQK,Brunswick Golden Isles Airport,Brunswick,GA,USA,31.25903,-81.46631,Brunswick-GA,1
BQN,Rafael Hernández Airport,Aguadilla,PR,USA,18.49486,-67.12944,Aguadilla-PR,1
BRD,Brainerd Lakes Regional Airport,Brainerd,MN,USA,46.39786,-94.13723,Brainerd-MN,1
BRO,Brownsville/South Padre Island International Airport,Brownsville,TX,USA,25.90683,-97.42586,Brownsville-TX,1
BRW,Wiley Post-Will Rogers Memorial Airport,Barrow,AK,USA,71.28545,-156.766,Barrow-AK,1
BTM,Bert Mooney Airport,Butte,MT,USA,45.9548,-112.49746,Butte-MT,1
BTR,Baton Rouge Metropolitan Airport,Baton Rouge,LA,USA,30.53316,-91.14963,Baton Rouge-LA,1
BTV,Burlington International Airport,Burlington,VT,USA,44.473,-73.15031,Burlington-VT,1
BUF,Buffalo Niagara International Airport,Buffalo,NY,USA,42.94052,-78.73217,Buffalo-NY,1
BUR,Bob Hope Airport (Hollywood Burbank Airport),Burbank,CA,USA,34.20062,-118.3585,Burbank-CA,1
BWI,Baltimore-Washington International Airport,Baltimore,MD,USA,39.1754,-76.6682,Baltimore-MD,1
BZN,Bozeman Yellowstone International Airport (Gallatin Field Airport),Bozeman,MT,USA,45.7769,-111.15301,Bozeman-MT,1
CAE,Columbia Metropolitan Airport,Columbia,SC,USA,33.93884,-81.11954,Columbia-SC,1
CAK,Akron-Canton Regional Airport,Akron,OH,USA,40.91631,-81.44247,Akron-OH,1
CDC,Cedar City Regional Airport,Cedar City,UT,USA,37.70097,-113.09858,Cedar City-UT,1
CDV,Merle K. (Mudhole) Smith Airport,Cordova,AK,USA,60.49183,-145.47765,Cordova-AK,1
CEC,Del Norte County Airport (Jack McNamara Field),Crescent City,CA,USA,41.78016,-124.23653,Crescent City-CA,1
CHA,Chattanooga Metropolitan Airport (Lovell Field),Chattanooga,TN,USA,35.03527,-85.20379,Chattanooga-TN,1
CHO,Charlottesville-Albemarle Airport,Charlottesville,VA,USA,38.13864,-78.45286,Charlottesville-VA,1
CHS,Charleston International Airport/Charleston AFB,Charleston,SC,USA,32.89865,-80.04051,Charleston-SC,1
CID,The Eastern Iowa Airport,Cedar Rapids,IA,USA,41.88459,-91.71087,Cedar Rapids-IA,1
CIU,Chippewa County International Airport,Sault Ste. Marie,MI,USA,46.25075,-84.47239,Sault Ste. Marie-MI,1
CLD,McClellan-Palomar Airport,San Diego,CA,USA,33.12723,-117.27873,San Diego-CA,2
CLE,Cleveland Hopkins International Airport,Cleveland,OH,USA,41.41089,-81.8494,Cleveland-OH,1
CLL,Easterwood Airport,College Station,TX,USA,30.58859,-96.36382,College Station-TX,1
CLT,Charlotte Douglas International Airport,Charlotte,NC,USA,35.21401,-80.94313,Charlotte-NC,1
CMH,Port Columbus International Airport,Columbus,OH,USA,39.99799,-82.89188,Columbus-OH,1
CMI,University of Illinois - Willard Airport,Champaign/Urbana,IL,USA,40.03925,-88.27806,Champaign/Urbana-IL,1
CMX,Houghton County Memorial Airport,Hancock,MI,USA,47.16842,-88.48906,Hancock-MI,1
CNY,Canyonlands Field,Moab,UT,USA,38.75496,-109.75484,Moab-UT,1
COD,Yellowstone Regional Airport,Cody,WY,USA,44.52019,-109.0238,Cody-WY,1
COS,City of Colorado Springs Municipal Airport,Colorado Springs,CO,USA,38.80581,-104.70025,Colorado Springs-CO,1
COU,Columbia Regional Airport,Columbia,MO,USA,38.81809,-92.21963,Columbia-MO,1
CPR,Natrona County International Airport,Casper,WY,USA,42.90836,-106.46447,Casper-WY,1
CRP,Corpus Christi International Airport,Corpus Christi,TX,USA,27.77036,-97.50122,Corpus Christi-TX,1
CRW,Yeager Airport,Charleston,WV,USA,38.37315,-81.59319,Charleston-WV,1
CSG,Columbus Metropolitan Airport,Columbus,GA,USA,32.51633,-84.93886,Columbus-GA,1
CVG,Cincinnati/Northern Kentucky International Airport,Covington,KY,USA,39.04614,-84.66217,Covington-KY,1
CWA,Central Wisconsin Airport,Mosinee,WI,USA,44.77762,-89.66678,Mosinee-WI,1
DAB,Daytona Beach International Airport,Daytona Beach,FL,USA,29.17992,-81.05806,Daytona Beach-FL,1
DAL,Dallas Love Field,Dallas,TX,USA,32.84711,-96.85177,Dallas-TX,1
DAY,James M. Cox Dayton International Airport,Dayton,OH,USA,39.90238,-84.21938,Dayton-OH,1
DBQ,Dubuque Regional Airport,Dubuque,IA,USA,42.40296,-90.70917,Dubuque-IA,1
DCA,Ronald Reagan Washington National Airport,Arlington,VA,USA,38.85208,-77.03772,Arlington-VA,1
DEN,Denver International Airport,Denver,CO,USA,39.85841,-104.667,Denver-CO,1
DFW,Dallas/Fort Worth International Airport,Dallas-Fort Worth,TX,USA,32.89595,-97.0372,Dallas-Fort Worth-TX,1
DHN,Dothan Regional Airport,Dothan,AL,USA,31.32134,-85.44963,Dothan-AL,1
DIK,Dickinson Theodore Roosevelt Regional Airport,Dickinson,ND,USA,46.79739,-102.80195,Dickinson-ND,1
DLG,Dillingham Airport,Dillingham,AK,USA,59.04541,-158.50334,Dillingham-AK,1
DLH,Duluth International Airport,Duluth,MN,USA,46.84209,-92.19365,Duluth-MN,1
DRO,Durango-La Plata County Airport,Durango,CO,USA,37.15152,-107.75377,Durango-CO,1
DSM,Des Moines International Airport,Des Moines,IA,USA,41.53493,-93.66068,Des Moines-IA,1
DTW,Detroit Metropolitan Airport,Detroit,MI,USA,42.21206,-83.34884,Detroit-MI,1
DVL,Devils Lake Regional Airport,Devils Lake,ND,USA,48.11425,-98.90878,Devils Lake-ND,1
EAU,Chippewa Valley Regional Airport,Eau Claire,WI,USA,44.86526,-91.48507,Eau Claire-WI,1
ECP,Northwest Florida Beaches International Airport,Panama City,FL,USA,,,Panama City-FL,1
EGE,Eagle County Regional Airport,Eagle,CO,USA,39.64257,-106.9177,Eagle-CO,1
EKO,Elko Regional Airport,Elko,NV,USA,40.82493,-115.7917,Elko-NV,1
ELM,Elmira/Corning Regional Airport,Elmira,NY,USA,42.15991,-76.89144,Elmira-NY,1
ELP,El Paso International Airport,El Paso,TX,USA,31.80667,-106.37781,El Paso-TX,1
ERI,Erie International Airport,Erie,PA,USA,42.08202,-80.17622,Erie-PA,1
ESC,Delta County Airport,Escanaba,MI,USA,45.72267,-87.09373,Escanaba-MI,1
EUG,Eugene Airport (Mahlon Sweet Field),Eugene,OR,USA,44.12326,-123.21869,Eugene-OR,1
EVV,Evansville Regional Airport,Evansville,IN,USA,38.03799,-87.53063,Evansville-IN,1
EWN,Coastal Carolina Regional Airport (Craven County Regional),New Bern,NC,USA,35.07297,-77.04294,New Bern-NC,1
EWR,Newark Liberty International Airport,Newark,NJ,USA,40.6925,-74.16866,Newark-NJ,1
EYW,Key West International Airport,Key West,FL,USA,24.55611,-81.75956,Key West-FL,1
FAI,Fairbanks International Airport,Fairbanks,AK,USA,64.81368,-147.85967,Fairbanks-AK,1
FAR,Hector International Airport,Fargo,ND,USA,46.91935,-96.81499,Fargo-ND,1
FAT,Fresno Yosemite International Airport,Fresno,CA,USA,36.77619,-119.71814,Fresno-CA,1
FAY,Fayetteville Regional Airport,Fayetteville,NC,USA,34.99147,-78.88,Fayetteville-NC,1
FCA,Glacier Park International Airport,Kalispell,MT,USA,48.3114,-114.25507,Kalispell-MT,1
FLG,Flagstaff Pulliam Airport,Flagstaff,AZ,USA,35.13845,-111.67122,Flagstaff-AZ,1
FLL,Fort Lauderdale-Hollywood International Airport,Ft. Lauderdale,FL,USA,26.07258,-80.15275,Ft. Lauderdale-FL,1
FNT,Bishop International Airport,Flint,MI,USA,42.9655,-83.74346,Flint-MI,1
FSD,Sioux Falls Regional Airport,Sioux Falls,SD,USA,43.58135,-96.7417,Sioux Falls-SD,1
FSM,Fort Smith Regional Airport,Fort Smith,AR,USA,35.33659,-94.36744,Fort Smith-AR,1
FWA,Fort Wayne International Airport,Fort Wayne,IN,USA,40.97847,-85.19515,Fort Wayne-IN,1
GCC,Gillette-Campbell County Airport,Gillette,WY,USA,44.3489,-105.53936,Gillette-WY,1
GCK,Garden City Regional Airport,Garden City,KS,USA,37.92752,-100.72441,Garden City-KS,1
GEG,Spokane International Airport,Spokane,WA,USA,47.61986,-117.53384,Spokane-WA,1
GFK,Grand Forks International Airport,Grand Forks,ND,USA,47.94926,-97.17611,Grand Forks-ND,1
GGG,East Texas Regional Airport,Longview,TX,USA,32.38486,-94.71171,Longview-TX,1
GJT,Grand Junction Regional Airport (Walker Field),Grand Junction,CO,USA,39.12241,-108.52673,Grand Junction-CO,1
GNV,Gainesville Regional Airport,Gainesville,FL,USA,29.69006,-82.27178,Gainesville-FL,1
GPT,Gulfport-Biloxi International Airport,Gulfport-Biloxi,MS,USA,30.40728,-89.07009,Gulfport-Biloxi-MS,1
GRB,Green Bay-Austin Straubel International Airport,Green Bay,WI,USA,44.48507,-88.12959,Green Bay-WI,1
GRI,Central Nebraska Regional Airport,Grand Island,NE,USA,40.96747,-98.30861,Grand Island-NE,1
GRK,Killeen-Fort Hood Regional Airport,Killeen,TX,USA,31.0649,-97.8278,Killeen-TX,1
GRR,Gerald R. Ford International Airport,Grand Rapids,MI,USA,42.88082,-85.52277,Grand Rapids-MI,1
GSO,Piedmont Triad International Airport,Greensboro,NC,USA,36.09775,-79.9373,Greensboro-NC,1
GSP,Greenville-Spartanburg International Airport,Greer,SC,USA,34.89567,-82.21886,Greer-SC,1
GST,Gustavus Airport,Gustavus,AK,USA,58.42438,-135.70738,Gustavus-AK,1
GTF,Great Falls International Airport,Great Falls,MT,USA,47.482,-111.37069,Great Falls-MT,1
GTR,Golden Triangle Regional Airport,Columbus-Starkville-West Point,MS,USA,33.45033,-88.59137,Columbus-Starkville-West Point-MS,1
GUC,Gunnison-Crested Butte Regional Airport,Gunnison,CO,USA,38.53396,-106.93318,Gunnison-CO,1
GUM,Guam International Airport,Agana,GU,USA,13.48345,-144.79598,Agana-GU,1
HDN,Yampa Valley Airport (Yampa Valley Regional),Hayden,CO,USA,40.48118,-107.21766,Hayden-CO,1
HIB,Range Regional Airport (Chisholm-Hibbing Airport),Hibbing,MN,USA,47.3866,-92.83899,Hibbing-MN,1
HLN,Helena Regional Airport,Helena,MT,USA,46.60682,-111.98275,Helena-MT,1
HNL,Honolulu International Airport,Honolulu,HI,USA,21.31869,-157.92241,Honolulu-HI,1
HOB,Lea County Regional Airport,Hobbs,NM,USA,32.68753,-103.21703,Hobbs-NM,1
HOU,William P. Hobby Airport,Houston,TX,USA,29.64542,-95.27889,Houston-TX,2
HPN,Westchester County Airport,White Plains,NY,USA,41.06696,-73.70757,White Plains-NY,1
HRL,Valley International Airport,Harlingen,TX,USA,26.22851,-97.65439,Harlingen-TX,1
HSV,Huntsville International Airport,Huntsville,AL,USA,34.64045,-86.77311,Huntsville-AL,1
HYA,Barnstable Municipal Airport,Hyannis,MA,USA,41.66934,-70.28036,Hyannis-MA,1
HYS,Hays Regional Airport,Hays,KS,USA,38.84494,-99.27403,Hays-KS,1
IAD,Washington Dulles International Airport,Chantilly,VA,USA,38.94453,-77.45581,Chantilly-VA,1
IAG,Niagara Falls International Airport,Niagara Falls,NY,USA,43.10726,-78.94538,Niagara Falls-NY,1
IAH,George Bush Intercontinental Airport,Houston,TX,USA,29.98047,-95.33972,Houston-TX,2
ICT,Wichita Dwight D. Eisenhower National Airport (Wichita Mid-Continent Airport),Wichita,KS,USA,37.64996,-97.43305,Wichita-KS,1
IDA,Idaho Falls Regional Airport,Idaho Falls,ID,USA,43.51456,-112.07017,Idaho Falls-ID,1
ILG,Wilmington Airport,Wilmington,DE,USA,39.67872,-75.60653,Wilmington-DE,1
ILM,Wilmington International Airport,Wilmington,NC,USA,34.27061,-77.90256,Wilmington-NC,1
IMT,Ford Airport,Iron Mountain/Kingsford,MI,USA,45.81835,-88.11454,Iron Mountain/Kingsford-MI,1
IND,Indianapolis International Airport,Indianapolis,IN,USA,39.71733,-86.29438,Indianapolis-IN,1
INL,Falls International Airport,International Falls,MN,USA,48.56619,-93.40307,International Falls-MN,1
ISN,Sloulin Field International Airport,Williston,ND,USA,48.17794,-103.64235,Williston-ND,1
ISP,Long Island MacArthur Airport,Islip,NY,USA,40.79524,-73.10021,Islip-NY,1
ITH,Ithaca Tompkins Regional Airport,Ithaca,NY,USA,42.49103,-76.45844,Ithaca-NY,1
ITO,Hilo International Airport,Hilo,HI,USA,19.72026,-155.04847,Hilo-HI,1
JAC,Jackson Hole Airport,Jackson,WY,USA,43.60732,-110.73774,Jackson-WY,1
JAN,Jackson-Evers International Airport,Jackson,MS,USA,32.31117,-90.07589,Jackson-MS,1
JAX,Jacksonville International Airport,Jacksonville,FL,USA,30.49406,-81.68786,Jacksonville-FL,1
JFK,John F. Kennedy International Airport (New York International Airport),New York,NY,USA,40.63975,-73.77893,New York-NY,2
JLN,Joplin Regional Airport,Joplin,MO,USA,37.15181,-94.49827,Joplin-MO,1
JMS,Jamestown Regional Airport,Jamestown,ND,USA,46.92972,-98.6782,Jamestown-ND,1
JNU,Juneau International Airport,Juneau,AK,USA,58.35496,-134.57628,Juneau-AK,1
KOA,Kona International Airport at Keahole,Kailua/Kona,HI,USA,19.73877,-156.04563,Kailua/Kona-HI,1
KTN,Ketchikan International Airport,Ketchikan,AK,USA,55.35557,-131.71374,Ketchikan-AK,1
LAN,Capital Region International Airport ( Lansing Capital City),Lansing,MI,USA,42.7787,-84.58736,Lansing-MI,1
LAR,Laramie Regional Airport,Laramie,WY,USA,41.31205,-105.67499,Laramie-WY,1
LAS,McCarran International Airport,Las Vegas,NV,USA,36.08036,-115.15233,Las Vegas-NV,1
LAW,Lawton-Fort Sill Regional Airport,Lawton,OK,USA,34.56771,-98.41664,Lawton-OK,1
LAX,Los Angeles International Airport,Los Angeles,CA,USA,33.94254,-118.40807,Los Angeles-CA,1
LBB,Lubbock Preston Smith International Airport,Lubbock,TX,USA,33.66364,-101.82278,Lubbock-TX,1
LBE,Arnold Palmer Regional Airport,Latrobe,PA,USA,40.27594,-79.4048,Latrobe-PA,1
LCH,Lake Charles Regional Airport,Lake Charles,LA,USA,30.1261,-93.2234,Lake Charles-LA,1
LEX,Blue Grass Airport,Lexington,KY,USA,38.03697,-84.60539,Lexington-KY,1
LFT,Lafayette Regional Airport,Lafayette,LA,USA,30.20528,-91.98766,Lafayette-LA,1
LGA,LaGuardia Airport (Marine Air Terminal),New York,NY,USA,40.77724,-73.87261,New York-NY,2
LGB,Long Beach Airport (Daugherty Field),Long Beach,CA,USA,33.81772,-118.15161,Long Beach-CA,1
LIH,Lihue Airport,Lihue,HI,USA,21.97598,-159.33896,Lihue-HI,1
LIT,Bill and Hillary Clinton National Airport (Adams Field),Little Rock,AR,USA,34.7294,-92.22425,Little Rock-AR,1
LNK,Lincoln Airport (Lincoln Municipal),Lincoln,NE,USA,40.85097,-96.75925,Lincoln-NE,1
LRD,Laredo International Airport,Laredo,TX,USA,27.54374,-99.46154,Laredo-TX,1
LSE,La Crosse Regional Airport,La Crosse,WI,USA,43.87938,-91.25654,La Crosse-WI,1
LWS,Lewiston-Nez Perce County Airport,Lewiston,ID,USA,46.3745,-117.01539,Lewiston-ID,1
MAF,Midland International Airport,Midland,TX,USA,31.94253,-102.20191,Midland-TX,1
MBS,MBS International Airport,Saginaw,MI,USA,43.53291,-84.07965,Saginaw-MI,1
MCI,Kansas City International Airport,Kansas City,MO,USA,39.29761,-94.71391,Kansas City-MO,1
MCO,Orlando International Airport,Orlando,FL,USA,28.42889,-81.31603,Orlando-FL,1
MDT,Harrisburg International Airport,Harrisburg,PA,USA,40.1935,-76.7634,Harrisburg-PA,1
MDW,Chicago Midway International Airport,Chicago,IL,USA,41.78598,-87.75242,Chicago-IL,2
MEI,Meridian Regional Airport,Meridian,MS,USA,32.33313,-88.75121,Meridian-MS,1
MEM,Memphis International Airport,Memphis,TN,USA,35.04242,-89.97667,Memphis-TN,1
MFE,McAllen-Miller International Airport (McAllen Miller International),McAllen,TX,USA,26.17583,-98.23861,McAllen-TX,1
MFR,Rogue Valley International Airport,Medford,OR,USA,42.37423,-122.8735,Medford-OR,1
MGM,Montgomery Regional Airport,Montgomery,AL,USA,32.30064,-86.39398,Montgomery-AL,1
MHK,Manhattan Regional Airport,Manhattan,KS,USA,39.14097,-96.67083,Manhattan-KS,1
MHT,Manchester-Boston Regional Airport,Manchester,NH,USA,42.93452,-71.43706,Manchester-NH,1
MIA,Miami International Airport,Miami,FL,USA,25.79325,-80.29056,Miami-FL,1
MKE,General Mitchell International Airport,Milwaukee,WI,USA,42.94722,-87.89658,Milwaukee-WI,1
MKG,Muskegon County Airport,Muskegon,MI,USA,43.16949,-86.23822,Muskegon-MI,1
MLB,Melbourne International Airport,Melbourne,FL,USA,28.10275,-80.64581,Melbourne-FL,1
MLI,Quad City International Airport,Moline,IL,USA,41.44853,-90.50754,Moline-IL,1
MLU,Monroe Regional Airport,Monroe,LA,USA,32.51087,-92.03769,Monroe-LA,1
MMH,Mammoth Yosemite Airport,Mammoth Lakes,CA,USA,37.62405,-118.83777,Mammoth Lakes-CA,1
MOB,Mobile Regional Airport,Mobile,AL,USA,30.69142,-88.24283,Mobile-AL,1
MOT,Minot International Airport,Minot,ND,USA,48.25938,-101.28033,Minot-ND,1
MQT,Sawyer International Airport,Marquette,MI,USA,46.35364,-87.39536,Marquette-MI,1
MRY,Monterey Regional Airport (Monterey Peninsula Airport),Monterey,CA,USA,36.58698,-121.84295,Monterey-CA,1
MSN,Dane County Regional Airport,Madison,WI,USA,43.13986,-89.33751,Madison-WI,1
MSO,Missoula International Airport,Missoula,MT,USA,46.91631,-114.09056,Missoula-MT,1
MSP,Minneapolis-Saint Paul International Airport,Minneapolis,MN,USA,44.88055,-93.21692,Minneapolis-MN,1
MSY,Louis Armstrong New Orleans International Airport,New Orleans,LA,USA,29.99339,-90.25803,New Orleans-LA,1
MTJ,Montrose Regional Airport,Montrose,CO,USA,38.50887,-107.89383,Montrose-CO,1
MVY,Martha's Vineyard Airport,Marthas Vineyard,MA,USA,41.39303,-70.61433,Marthas Vineyard-MA,1
MYR,Myrtle Beach International Airport,Myrtle Beach,SC,USA,33.67975,-78.92833,Myrtle Beach-SC,1
OAJ,Albert J. Ellis Airport,Jacksonville,NC,USA,34.82916,-77.61214,Jacksonville-NC,1
OAK,Oakland International Airport,Oakland,CA,USA,37.72129,-122.22072,Oakland-CA,1
OGG,Kahului Airport,Kahului,HI,USA,20.89865,-156.43046,Kahului-HI,1
OKC,Will Rogers World Airport,Oklahoma City,OK,USA,35.39309,-97.60073,Oklahoma City-OK,1
OMA,Eppley Airfield,Omaha,NE,USA,41.30252,-95.89417,Omaha-NE,1
OME,Nome Airport,Nome,AK,USA,64.5122,-165.44525,Nome-AK,1
ONT,Ontario International Airport,Ontario,CA,USA,34.056,-117.60119,Ontario-CA,1
ORD,Chicago O'Hare International Airport,Chicago,IL,USA,41.9796,-87.90446,Chicago-IL,2
ORF,Norfolk International Airport,Norfolk,VA,USA,36.89461,-76.20122,Norfolk-VA,1
ORH,Worcester Regional Airport,Worcester,MA,USA,42.26734,-71.87571,Worcester-MA,1
OTH,Southwest Oregon Regional Airport (North Bend Municipal),North Bend,OR,USA,43.41714,-124.24603,North Bend-OR,1
OTZ,Ralph Wien Memorial Airport,Kotzebue,AK,USA,66.88468,-162.59855,Kotzebue-AK,1
PAH,Barkley Regional Airport,Paducah,KY,USA,37.06083,-88.77375,Paducah-KY,1
PBG,Plattsburgh International Airport,Plattsburgh,NY,USA,,,Plattsburgh-NY,1
PBI,Palm Beach International Airport,West Palm Beach,FL,USA,26.68316,-80.09559,West Palm Beach-FL,1
PDX,Portland International Airport,Portland,OR,USA,45.58872,-122.5975,Portland-OR,1
PHF,Newport News/Williamsburg International Airport,Newport News,VA,USA,37.1319,-76.49299,Newport News-VA,1
PHL,Philadelphia International Airport,Philadelphia,PA,USA,39.87195,-75.24114,Philadelphia-PA,1
PHX,Phoenix Sky Harbor International Airport,Phoenix,AZ,USA,33.43417,-112.00806,Phoenix-AZ,1
PIA,General Wayne A. Downing Peoria International Airport,Peoria,IL,USA,40.66424,-89.69331,Peoria-IL,1
PIB,Hattiesburg-Laurel Regional Airport,Hattiesburg-Laurel,MS,USA,31.46715,-89.33706,Hattiesburg-Laurel-MS,1
PIH,Pocatello Regional Airport,Pocatello,ID,USA,42.91131,-112.59586,Pocatello-ID,1
PIT,Pittsburgh International Airport,Pittsburgh,PA,USA,40.49147,-80.23287,Pittsburgh-PA,1
PLN,Pellston Regional Airport of Emmet County,Pellston,MI,USA,45.57093,-84.79672,Pellston-MI,1
PNS,Pensacola International Airport (Pensacola Gulf Coast Regional Airport),Pensacola,FL,USA,30.47331,-87.18744,Pensacola-FL,1
PPG,Pago Pago International Airport (Tafuna Airport),Pago Pago,AS,USA,14.33102,-170.71053,Pago Pago-AS,1
PSC,Tri-Cities Airport,Pasco,WA,USA,46.26468,-119.11903,Pasco-WA,1
PSE,Mercedita Airport,Ponce,PR,USA,18.0083,-66.56301,Ponce-PR,1
PSG,Petersburg James A. Johnson Airport,Petersburg,AK,USA,56.80165,-132.94528,Petersburg-AK,1
PSP,Palm Springs International Airport,Palm Springs,CA,USA,33.82922,-116.50625,Palm Springs-CA,1
PUB,Pueblo Memorial Airport,Pueblo,CO,USA,38.28909,-104.49657,Pueblo-CO,1
PVD,Theodore Francis Green State Airport,Providence,RI,USA,41.724,-71.42822,Providence-RI,1
PWM,Portland International Jetport,Portland,ME,USA,43.64617,-70.30875,Portland-ME,1
RAP,Rapid City Regional Airport,Rapid City,SD,USA,44.04532,-103.05737,Rapid City-SD,1
RDD,Redding Municipal Airport,Redding,CA,USA,40.50898,-122.2934,Redding-CA,1
RDM,Redmond Municipal Airport (Roberts Field),Redmond,OR,USA,44.25407,-121.14996,Redmond-OR,1
RDU,Raleigh-Durham International Airport,Raleigh,NC,USA,35.87764,-78.78747,Raleigh-NC,1
RHI,Rhinelander-Oneida County Airport,Rhinelander,WI,USA,45.63119,-89.46745,Rhinelander-WI,1
RIC,Richmond International Airport,Richmond,VA,USA,37.50517,-77.31967,Richmond-VA,1
RKS,Rock Springs-Sweetwater County Airport,Rock Springs,WY,USA,41.59422,-109.06519,Rock Springs-WY,1
RNO,Reno/Tahoe International Airport,Reno,NV,USA,39.49858,-119.76806,Reno-NV,1
ROA,Roanoke Regional Airport (Woodrum Field),Roanoke,VA,USA,37.32547,-79.97543,Roanoke-VA,1
ROC,Greater Rochester International Airport,Rochester,NY,USA,43.11887,-77.67238,Rochester-NY,1
ROW,Roswell International Air Center,Roswell,NM,USA,33.30156,-104.53056,Roswell-NM,1
RST,Rochester International Airport,Rochester,MN,USA,43.90883,-92.49799,Rochester-MN,1
RSW,Southwest Florida International Airport,Ft. Myers,FL,USA,26.53617,-81.75517,Ft. Myers-FL,1
SAF,Santa Fe Municipal Airport,Santa Fe,NM,USA,35.61678,-106.08814,Santa Fe-NM,1
SAN,San Diego International Airport (Lindbergh Field),San Diego,CA,USA,32.73356,-117.18966,San Diego-CA,2
SAT,San Antonio International Airport,San Antonio,TX,USA,29.53369,-98.46978,San Antonio-TX,1
SAV,Savannah/Hilton Head International Airport,Savannah,GA,USA,32.12758,-81.20214,Savannah-GA,1
SBA,Santa Barbara Municipal Airport (Santa Barbara Airport),Santa Barbara,CA,USA,34.42621,-119.84037,Santa Barbara-CA,1
SBN,South Bend International Airport (South Bend Regional),South Bend,IN,USA,41.70895,-86.31847,South Bend-IN,1
SBP,San Luis Obispo County Regional Airport (McChesney Field),San Luis Obispo,CA,USA,35.23706,-120.64239,San Luis Obispo-CA,1
SCC,Deadhorse Airport (Prudhoe Bay Airport),Deadhorse,AK,USA,70.19476,-148.46516,Deadhorse-AK,1
SCE,University Park Airport,State College,PA,USA,40.85121,-77.8463,State College-PA,1
SDF,Louisville International Airport (Standiford Field),Louisville,KY,USA,38.17439,-85.736,Louisville-KY,1
SEA,Seattle-Tacoma International Airport,Seattle,WA,USA,47.44898,-122.30931,Seattle-WA,1
SFO,San Francisco International Airport,San Francisco,CA,USA,37.619,-122.37484,San Francisco-CA,1
SGF,Springfield-Branson National Airport,Springfield,MO,USA,37.24433,-93.38686,Springfield-MO,1
SGU,St. George Regional Airport,St George,UT,USA,37.09058,-113.59306,St George-UT,1
SHV,Shreveport Regional Airport,Shreveport,LA,USA,32.44663,-93.8256,Shreveport-LA,1
SIT,Sitka Rocky Gutierrez Airport,Sitka,AK,USA,57.04714,-135.3616,Sitka-AK,1
SJC,Norman Y. Mineta San José International Airport,San Jose,CA,USA,37.36186,-121.92901,San Jose-CA,1
SJT,San Angelo Regional Airport (Mathis Field),San Angelo,TX,USA,31.35775,-100.49631,San Angelo-TX,1
SJU,Luis Muñoz Marín International Airport,San Juan,PR,USA,18.43942,-66.00183,San Juan-PR,1
SLC,Salt Lake City International Airport,Salt Lake City,UT,USA,40.78839,-111.97777,Salt Lake City-UT,1
SMF,Sacramento International Airport,Sacramento,CA,USA,38.69542,-121.59077,Sacramento-CA,1
SMX,Santa Maria Public Airport (Capt G. Allan Hancock Field),Santa Maria,CA,USA,34.89925,-120.45758,Santa Maria-CA,1
SNA,John Wayne Airport (Orange County Airport),Santa Ana,CA,USA,33.67566,-117.86822,Santa Ana-CA,1
SPI,Abraham Lincoln Capital Airport,Springfield,IL,USA,39.84395,-89.67762,Springfield-IL,1
SPS,Wichita Falls Municipal Airport/Sheppard AFB,Wichita Falls,TX,USA,33.9888,-98.49189,Wichita Falls-TX,1
SRQ,Sarasota-Bradenton International Airport,Sarasota,FL,USA,27.39533,-82.55411,Sarasota-FL,1
STC,St. Cloud Regional Airport,St Cloud,MN,USA,45.54532,-94.05834,St Cloud-MN,1
STL,St. Louis International Airport at Lambert Field,St Louis,MO,USA,38.74769,-90.35999,St Louis-MO,1
STT,Cyril E. King Airport,Charlotte Amalie,VI,USA,18.33731,-64.97336,Charlotte Amalie-VI,1
STX,Henry E. Rohlsen Airport,Christiansted,VI,USA,17.70189,-64.79856,Christiansted-VI,1
SUN,Friedman Memorial Airport,Hailey,ID,USA,43.50484,-114.29659,Hailey-ID,1
SUX,Sioux Gateway Airport,Sioux City,IA,USA,42.4026,-96.38437,Sioux City-IA,1
SWF,Stewart International Airport,Newburgh,NY,USA,41.50409,-74.10484,Newburgh-NY,1
SYR,Syracuse Hancock International Airport,Syracuse,NY,USA,43.11119,-76.10631,Syracuse-NY,1
TLH,Tallahassee International Airport,Tallahassee,FL,USA,30.39653,-84.35033,Tallahassee-FL,1
TOL,Toledo Express Airport,Toledo,OH,USA,41.58681,-83.80783,Toledo-OH,1
TPA,Tampa International Airport,Tampa,FL,USA,27.97547,-82.53325,Tampa-FL,1
TRI,Tri-Cities Regional Airport,Bristol,TN,USA,36.47521,-82.40742,Bristol-TN,1
TTN,Trenton Mercer Airport,Trenton,NJ,USA,40.27669,-74.81347,Trenton-NJ,1
TUL,Tulsa International Airport,Tulsa,OK,USA,36.19837,-95.88824,Tulsa-OK,1
TUS,Tucson International Airport,Tucson,AZ,USA,32.11608,-110.94103,Tucson-AZ,1
TVC,Cherry Capital Airport,Traverse City,MI,USA,44.74144,-85.58224,Traverse City-MI,1
TWF,Magic Valley Regional Airport (Joslin Field),Twin Falls,ID,USA,42.4818,-114.48774,Twin Falls-ID,1
TXK,Texarkana Regional Airport (Webb Field),Texarkana,AR,USA,33.45371,-93.99102,Texarkana-AR,1
TYR,Tyler Pounds Regional Airport,Tyler,TX,USA,32.35414,-95.40239,Tyler-TX,1
TYS,McGhee Tyson Airport,Knoxville,TN,USA,35.81249,-83.99286,Knoxville-TN,1
UST,Northeast Florida Regional Airport (St. Augustine Airport),St. Augustine,FL,USA,,,St. Augustine-FL,1
VEL,Valdez Airport,Vernal,UT,USA,40.4409,-109.50992,Vernal-UT,1
VLD,Valdosta Regional Airport,Valdosta,GA,USA,30.7825,-83.27672,Valdosta-GA,1
VPS,Destin-Fort Walton Beach Airport/Eglin AFB,Valparaiso,FL,USA,30.48325,-86.5254,Valparaiso-FL,1
WRG,Wrangell Airport,Wrangell,AK,USA,56.48433,-132.36982,Wrangell-AK,1
WYS,Westerly State Airport,West Yellowstone,MT,USA,44.6884,-111.11764,West Yellowstone-MT,1
XNA,Northwest Arkansas Regional Airport,Fayetteville/Springdale/Rogers,AR,USA,36.28187,-94.30681,Fayetteville/Springdale/Rogers-AR,1
YAK,Yakutat Airport,Yakutat,AK,USA,59.50336,-139.66023,Yakutat-AK,1
YUM,Yuma International Airport,Yuma,AZ,USA,32.65658,-114.60597,Yuma-AZ,1
